ID,Group,Feature_1,Feature_2,Feature_3
ID582,C,2819.4760968355745,379.0153700755906,-2452.6970295522137
ID585,B,2787.5808185524847,406.0350038228975,5573.064529395798
ID385,C,2345.8362930187595,399.3123547357429,-1941.169956000844
ID229,C,2082.0239468904474,424.0258012568787,-1660.4405264283623
ID520,B,2731.2959240307514,407.1134099424512,5471.70801574571
ID525,C,2149.2499405709254,414.9567381007579,-1712.10659559362
ID482,A,2959.960794436901,385.72699072672395,6957.1742818509
ID457,C,2586.6091699468584,404.27098358589046,-2181.1529729327476
ID646,B,2715.4696695337725,391.2788463378015,5442.807760883088
ID641,A,2395.841762613331,399.56919333372457,5198.302003794563
ID869,C,2641.8331911621426,406.5794309806111,-2228.0743933893345
ID218,C,2162.194372662365,392.76881218072106,-1786.4307077258482
ID469,C,2034.8298917895468,397.22079329713426,-1607.5484228011742
ID415,C,3018.226913485299,391.5133000312344,-2630.8407838849394
ID754,C,2448.2759175253736,391.55891482110053,-2062.0737842720628
ID205,B,2250.6505461502047,395.36744370528424,4505.201087112188
ID191,B,2611.6107583587086,375.5873873516507,5207.973553908611
ID859,B,2296.9375966095067,402.33152638972865,4613.986224339759
ID474,B,1984.2348807190192,393.23242513138644,3991.137114818989
ID308,A,2277.665291056081,397.3718400830669,4856.788898935046
ID982,C,2618.015820436511,396.60391963975314,-2235.471435030707
ID813,A,3031.145496932786,406.1646200056051,7063.981732974929
ID367,A,2483.545273573947,421.9355471790364,5330.515334179631
ID177,C,2302.2572990735152,402.23761545178223,-1900.555899054931
ID750,C,2033.1064028165868,388.3891766342289,-1651.7573768028294
ID181,A,2486.6425903407066,397.39581661666256,5480.506010397164
ID822,A,2705.2619857987747,416.23672681838264,6044.272838295849
ID266,A,2212.7331050382377,390.9936401748856,4676.556628105574
ID363,B,1940.657751824371,416.3026673677127,3881.5576900915535
ID143,B,2635.390154940722,378.27897900079273,5263.740928508545
ID331,B,2481.405965871046,413.90021868464197,4946.491162875942
ID123,C,2871.6609709946724,387.17852959522435,-2474.7196240254707
ID129,C,2712.5992791730455,404.8634868806665,-2301.8759444925886
ID539,A,2105.6996850107043,391.6389728308311,4363.6493865978755
ID387,B,2036.9338158857877,403.0446399753967,4083.061539152703
ID801,B,2660.105683184247,370.8587144612454,5344.205203300945
ID453,B,3116.7388200674627,397.0683617668413,6239.686814708035
ID959,A,2634.5455401182535,414.87841354942793,5820.165928915607
ID955,C,2432.663772331761,417.4483076407265,-2001.158894557064
ID136,B,2527.962277720231,390.5592412311709,5041.374668293464
ID676,C,2715.6854043953226,399.0774299085982,-2321.40328265207
ID487,B,2697.9511774542893,380.06214313518916,5391.998274645127
ID864,A,2479.8951529334026,410.84643087045254,5392.619767727584
ID224,C,2752.6021473558144,421.7400158157016,-2330.383324437716
ID745,A,2464.6421044423855,418.6159603393166,5291.757351980512
ID243,B,2344.0377927348827,405.49821805243715,4708.457367849284
ID731,C,2464.850672522791,412.3457699697332,-2057.7212279459
ID943,B,3219.772509680427,407.74019016128324,6445.742554655432
ID471,B,2219.140505431152,393.31509836450215,4436.44237612669
ID437,C,2430.924546796924,405.78469919749836,-2030.5643023194218
ID207,C,2156.5270648580085,398.9683103879995,-1748.229847193581
ID489,B,2632.5059089769475,395.3532694155565,5263.045387602105
ID134,A,2251.8802553594783,406.2618244955537,4715.014012987003
ID409,C,2343.093374096013,384.8646008602422,-1972.9828854778889
ID172,A,2605.506604389016,392.34816130189165,5859.848226184776
ID105,C,2561.5648607921507,390.3531371226202,-2154.2564195331784
ID326,A,2540.194376864763,405.03459115313086,5606.423793893513
ID208,A,2598.7664482751684,397.4196106789416,5806.996348384119
ID361,B,2521.732874486638,431.1759498985123,5050.536230757906
ID159,A,2539.6619337851716,403.2745822581186,5614.907926943471
ID183,B,2109.1990237085106,405.554933165888,4228.897581911745
ID624,C,2800.526160629518,387.3045993596387,-2408.7754489282515
ID498,A,2762.3358272885075,420.89570111626193,6163.072798642178
ID863,A,2201.429846952126,403.5555108447745,4587.153353896478
ID692,B,2545.6923776489407,420.62809111927,5086.32452323852
ID255,B,2881.3708892986083,413.0144430533796,5775.34967336549
ID394,B,2439.015473551813,417.4869785443952,4875.94839947369
ID444,C,2515.276379398041,403.87081461593016,-2116.729145891197
ID847,B,2692.7317446043803,410.69972679546396,5377.897847945893
ID686,B,2679.9982637164776,394.45094119638316,5348.187950938862
ID176,A,2259.865652255355,387.6174816291454,4839.625300122698
ID890,C,2642.433520274336,412.60199466778954,-2211.4340413196755
ID860,A,2657.3361748740576,414.84180696952575,5908.726323860715
ID674,A,2335.43725885254,415.48640990964066,4923.948328901049
ID397,B,2279.055170104235,392.8805247024881,4553.283080347867
ID246,A,2892.390397722691,386.83621550725854,6741.560714854468
ID790,A,2506.6863153261515,397.8823577250501,5523.918525388781
ID694,C,2609.725077337905,421.5109225295198,-2191.630853527654
ID285,A,2222.0365677207833,406.70483011713395,4653.726718959313
ID914,A,2594.1734309286235,383.8380513931222,5875.446334641217
ID158,A,2160.09127194055,397.0245391272342,4503.294733738907
ID379,A,2399.551813088496,389.32120156321884,5261.378669804106
ID505,B,2345.0148538121807,398.3770576008783,4706.825668572879
ID875,B,2331.390987907702,414.49876358089193,4664.533898910596
ID949,A,2264.033814032738,401.52292761379135,4809.928215873198
ID163,A,1958.5286347518463,414.03070064126155,3815.6705855417586
ID991,C,2447.9910723192943,405.1211630923148,-2050.0403703156057
ID612,B,2704.884088294561,395.246719828525,5408.425977326534
ID830,A,2984.2103468095847,405.96266704927945,6913.033258395877
ID784,C,2560.3555828168232,400.72229864201546,-2157.860381884134
ID541,B,2248.7747742406123,403.44653975299764,4489.085338895992
ID510,A,2408.7386188932132,392.0211551248867,5275.474579228411
ID783,A,3000.9821383398503,394.57055945293985,7017.665258541795
ID327,B,2199.938025102463,358.5619027286239,4409.906350527565
ID388,B,2958.3613901005906,426.28282084358386,5944.772559657847
ID359,A,2573.5467032237448,401.2084186184346,5725.639566800664
ID548,B,2627.5092561166534,422.5430023900972,5256.683000873744
ID618,C,2302.9999564845866,378.9851250629261,-1917.3631452299203
ID806,A,3129.263376876178,416.5769724245417,7291.64281717036
ID351,B,2481.861557438769,383.14741598502627,4970.090420229973
ID992,C,2449.4178822709764,418.3682973969096,-2033.4329730393815
ID336,B,2690.2512597844707,422.37584981691913,5387.119056443106
ID393,A,2019.7852323414575,392.4576164456135,4101.497888980167
ID556,B,2042.187799978768,385.83682946800224,4093.5166371014134
ID655,B,2833.9615461475996,394.309590977684,5667.710107551815
ID418,A,2878.268854619824,375.44885801820254,6738.414875220166
ID314,A,2492.671771432272,397.34601501036116,5474.631826261409
ID889,A,1883.1508234332186,424.5723529478402,3530.5176866594106
ID677,B,2417.874490294117,395.09444231414,4816.299502224487
ID324,B,1990.1760871041383,403.4290353220701,3977.6494585729147
ID873,C,2928.8645086247266,426.63322958517927,-2491.7872193712983
ID844,B,2377.1416584454846,366.63381246183263,4742.200052187485
ID221,B,2727.810866037695,420.9155424853734,5437.987127553829
ID312,C,2111.8669415027525,426.6822526266328,-1678.7139379065386
ID811,A,2761.305523757883,385.12705296986064,6346.633879917999
ID937,B,2673.2780293209235,371.5728519391249,5341.879786506271
ID401,C,2591.628076692001,403.2193002276154,-2194.826145050687
ID758,B,3046.560899981198,396.3874802417588,6095.856542417156
ID216,A,2992.4271898194474,386.1344841616973,7042.007764664712
ID812,A,2004.309444549211,399.69038308923206,4017.4325039768883
ID559,B,2377.3602069474364,387.5972689755887,4723.386931029673
ID502,C,2423.8658567258026,393.4083728820187,-2042.585408062885
ID928,A,2230.5453054642007,404.3378505365269,4668.419354661963
ID730,A,2787.904358370601,404.7696735619342,6343.61243261912
ID905,B,2001.8120868650872,400.5368095919691,4017.7659651886343
ID493,A,2420.9254177742305,415.5155765146424,5197.961761318924
ID225,B,2205.9957600379284,392.39610487439165,4426.742780662552
ID714,A,2050.178742591439,418.4298850361577,4045.4609789042493
ID421,C,2851.7643859815134,383.80525145366636,-2486.8993028006234
ID402,A,2791.867814127205,377.445024125271,6507.810107651493
ID509,A,1735.99780509111,397.4896032557685,3229.3388036670935
ID804,B,2609.26335055489,397.24166686274566,5183.944400486069
ID433,B,2139.715064659823,384.9538997962167,4285.747414376375
ID364,A,2993.0644127194205,395.60922539986774,6975.623057763434
ID492,B,2575.705750719679,387.54092754016386,5142.688307164829
ID723,A,2989.3443109357927,395.9274630294128,6974.06778975868
ID755,C,2427.5399493591904,412.3837409691497,-2026.5538413966285
ID958,B,2549.1120828061503,416.82338198297657,5092.324440213018
ID132,A,2323.292414662948,407.38018767623413,4936.969912825582
ID592,C,2624.8839245554327,411.38503938769867,-2216.754974961748
ID708,C,2628.6703289366274,393.36754218778117,-2220.7672870011056
ID186,C,2853.1799199357592,419.2726702637076,-2416.6813069403665
ID169,A,2394.1047028028374,412.0189058604885,5113.7488459925
ID823,C,2938.1303022107973,415.37794216849164,-2525.2177258834436
ID691,A,3115.457528768718,401.6724970598345,7331.471768425249
ID710,B,1973.0996821675728,394.98189180860896,3955.5344406371282
ID896,B,2383.362993730744,385.36903647638354,4774.948328843749
ID872,C,2437.327094591811,397.56460164701593,-2065.4510129321493
ID267,B,2131.940684830029,389.4616348269782,4243.922208429987
ID342,C,2479.6808595296366,386.34243510489677,-2084.075195073873
ID743,A,2568.9775153395835,404.5412424971266,5688.505605218611
ID900,B,2326.4355815321464,416.3029218155144,4657.887112191097
ID345,B,2746.0528348467897,406.3058504598684,5490.18143037887
ID369,B,2267.4119557380095,415.9639075642486,4545.871568081988
ID440,A,2098.3205239515564,391.34056277434956,4347.443094250885
ID805,B,2406.891796650759,396.0049048257498,4825.114568279942
ID765,A,2508.6018591448774,426.49242902354115,5399.202303023228
ID272,A,2840.2424318435565,390.0437291700411,6581.09016910925
ID597,A,2387.2971903300972,397.7638918343568,5168.391567826
ID226,C,2496.565925555544,399.7808543029598,-2100.9772346537766
ID614,C,2582.2061020086467,395.4402331626294,-2184.3566622409207
ID951,A,2318.811916885242,404.51067769011706,4912.622566413134
ID572,B,2672.9712753559215,390.8523377967229,5348.993344365654
ID276,B,2441.5314765638927,394.2743645683693,4900.574628712932
ID519,C,2560.9110181804167,403.3462437083652,-2137.968773462404
ID407,C,2347.8541916032536,403.6668874950843,-1943.1656754993598
ID636,B,3389.891403338077,399.4584312028679,6784.550066019171
ID721,A,1707.7569446153775,433.197176388665,2974.234249228054
ID845,B,2393.839448514998,385.9875331144433,4785.273196602867
ID178,B,2356.0820045204055,412.9244724464826,4697.234735913667
ID673,C,2548.673024227668,412.9306601847861,-2151.2800641535296
ID850,C,3008.082174813447,383.2452605818445,-2613.002035722444
ID892,A,2747.5797638356116,389.7106972513829,6301.677932744487
ID194,A,2298.9741829499503,385.6170083207182,4974.02400945425
ID880,B,2641.111185359365,381.979426899662,5303.545213599764
ID751,B,2791.0670469494576,375.7674550508126,5583.93585123626
ID328,A,2656.759884390909,383.13185615139963,6032.2381197201885
ID976,A,2464.1852788169313,381.2628025430591,5483.506158116973
ID332,C,2510.089862143846,386.5636631311147,-2130.771492388173
ID637,C,2432.0528311298945,398.7187020777372,-2045.990761306778
ID196,C,2531.848638941053,404.1271529741588,-2124.0917698889516
ID325,A,2591.337644318975,417.6884106048562,5690.714300206764
ID192,B,2441.058321512826,352.2343514344092,4871.122776232657
ID810,A,2730.4024720636035,420.5483714583738,6071.469302325526
ID671,A,2364.5066977776464,383.87751199579634,5178.021172594505
ID580,B,2812.688071310054,398.6509521584965,5622.58053260392
ID817,B,2973.8502276947784,373.4908930980648,5948.772758151846
ID137,A,2886.4132049781447,396.61743686777646,6677.247695216691
ID251,A,2584.629717140456,408.61555972547666,5704.340151620867
ID460,B,2231.3144389069157,380.0505023636504,4449.009502011767
ID310,B,2655.8929213731553,395.0466812924562,5314.215626786796
ID793,A,2497.6349217242578,390.69083010571745,5537.92945534188
ID705,B,2006.383673264203,393.1358550112898,4008.88087357763
ID101,B,2922.0562934012264,391.02700592151587,5845.893386698798
ID799,B,3029.6804964715207,394.09024245356,6058.228045291562
ID126,C,2689.437401512869,386.13506097536566,-2291.464033661715
ID412,A,2372.356568791024,404.62676103995733,5123.842590197177
ID222,C,2737.8734886788275,386.7044053898998,-2358.5526333595885
ID496,C,2782.399889478543,396.21261477679445,-2379.897752764518
ID318,B,1821.2969045861032,421.33537312648855,3647.4117072919107
ID891,A,1965.988393946897,401.9374614615749,3887.254178291248
ID544,B,2229.9907779333657,394.97125499544,4461.019633012816
ID986,B,2703.9948584810327,427.69955964365255,5421.760728033946
ID707,B,2510.9950029603074,410.9448515364365,5030.807593804552
ID945,C,2526.235463382834,436.35568634438323,-2091.8364458209553
ID605,C,2485.9451418440117,398.6937312828788,-2084.895213977019
ID985,C,2779.288423604665,403.8792103771958,-2366.676292961605
ID425,B,2645.2663962389042,398.6879368475386,5292.466637667092
ID515,B,2238.816129681037,408.8517879141289,4504.874887399628
ID934,C,2648.7473940398445,381.70630664528517,-2279.690323655301
ID270,B,2453.182489118404,404.09181920549,4910.396820413625
ID759,B,2920.8692721140706,359.62623895439543,5820.440113201432
ID483,A,2953.9321082860943,423.51669624211246,6773.2408812968415
ID661,A,2144.746262715316,403.97545567478505,4412.619641635484
ID349,A,2633.4853438148225,386.0588149374351,5992.403920651666
ID478,B,2920.3842701592785,413.2838110835189,5822.888403417156
ID791,C,2340.4643325003467,376.6422940708973,-1948.2881463198405
ID416,A,2737.156022674687,366.2164470597885,6380.775994993777
ID115,A,2574.9532450380984,384.2233264955317,5808.839233852612
ID729,C,2723.867223465382,400.98967272313166,-2314.699542239373
ID373,A,2881.8513419933283,383.3821765147791,6718.755106545385
ID240,A,2892.2877987035804,437.70294365689836,6488.080413452212
ID242,B,2418.0259864010536,395.5621063874808,4851.524086169
ID356,B,2484.478373676535,409.16904340449685,4961.355249188392
ID139,B,2359.114364159235,406.3863457398085,4742.791785276424
ID231,B,2186.501131344101,396.82416491778673,4376.730026970944
ID610,C,2628.439345478221,422.68537577752096,-2218.0392715718895
ID245,B,2594.260621466904,430.5547215037667,5194.5352701171705
ID445,B,2163.9491466568247,403.88988489963594,4325.172285975956
ID274,B,2871.776108240417,409.3936355980323,5745.02828126263
ID656,B,1929.7909519330215,422.9426014278392,3853.000325398631
ID814,C,1999.51643588017,397.7011929824756,-1590.8998357843961
ID518,B,2498.3503710879086,398.66143683276414,5014.410627904687
ID716,C,2831.9897916971154,390.57047249171427,-2434.4085127793223
ID436,B,2805.2699073536146,432.41432164962214,5603.652258137657
ID944,A,3183.373218872577,411.96188023577525,7494.52121039623
ID506,A,2544.0740306591642,410.72654160361685,5553.043912911316
ID365,A,2653.1297471128164,422.658060357504,5858.196323084027
ID512,A,2440.749216967738,408.0087095257961,5275.593779690749
ID564,B,1371.8807598400267,416.4055982272066,2727.1396760827724
ID348,A,2042.134554289745,391.9202473648564,4161.905251781247
ID739,C,2395.5303430708022,408.73569708278967,-1984.9091394617878
ID343,C,2290.0848908126673,374.83352693470204,-1908.5539421233
ID785,B,2893.7743149028956,399.47843302891397,5812.075615881977
ID619,B,2294.0841289700647,370.85209635863487,4582.545291807341
ID265,B,2830.719247237922,406.0877519308899,5660.949006352742
ID938,C,2386.5780569622307,410.2037717387151,-1957.6421622019284
ID778,A,2857.8726081491036,420.3583118479481,6471.674908035702
ID837,A,3040.188405065334,379.1976485171404,7227.85694454586
ID834,B,2890.933825009334,397.2837222841686,5787.505584426601
ID533,A,2746.303291573811,390.1287080924981,6290.702407145711
ID932,A,2399.3084524244205,407.1512657004068,5166.812157880826
ID497,A,2028.5912978349857,397.5945083260417,4092.3453436500627
ID854,C,2928.6601413648336,377.16291321931556,-2549.032020876019
ID142,C,2753.2481776290397,406.57164448019256,-2332.8749886256287
ID761,A,2054.775114435477,417.5774894529114,4059.593706650205
ID309,B,2754.0671375921393,434.78599129066833,5517.576394735675
ID633,B,2397.9980963519697,417.82951813853276,4787.09069574675
ID241,C,2770.6605030386672,417.6011935390277,-2345.211713885171
ID454,C,2590.588202596599,412.5949974027067,-2166.2633173387962
ID883,C,2062.9686961084726,395.570063023141,-1660.4703241490754
ID625,C,2646.881967820804,423.09217553280234,-2204.399855940734
ID179,A,2666.5163623988774,384.48981602251087,6077.450848696604
ID988,A,2696.375091220357,416.5391354510004,6009.543157137833
ID144,B,1973.9366913579545,398.7593446453716,3958.983178895396
ID665,C,2751.8061911153527,420.9646611603969,-2333.783849510401
ID738,B,2345.878708855122,403.2697684232239,4694.253548366466
ID507,A,2451.1497494237638,396.18193519165357,5370.728497672106
ID198,B,2850.6189509632986,392.6427263014779,5696.887563408002
ID551,B,2297.2514759930095,375.907119555737,4551.917063038941
ID757,B,2939.530648163711,396.24342231440346,5897.699758674466
ID620,C,3215.9700118014644,397.7317261656139,-2844.473901926172
ID145,C,2213.551910944544,402.4963031415218,-1795.7303615740145
ID114,A,2419.813629673496,389.21538972114854,5295.989316070474
ID964,C,2316.3684591893493,387.65452597312617,-1913.8150482715005
ID180,C,2419.0251487970104,407.16828142234135,-2018.1310122671298
ID289,A,2558.9132593537247,391.39854489498595,5724.993532492316
ID897,A,2758.9728692059916,405.60316505077714,6242.570378098403
ID413,B,2420.7209937187795,409.09191283431807,4854.5841447105595
ID874,C,2843.7802529846604,407.2583987473483,-2454.6105379729947
ID726,C,2469.296172718986,406.7177518635648,-2056.804171867591
ID390,C,2476.9096149407715,404.82814811806844,-2078.882174739744
ID635,C,2536.3967335764883,380.5694201937016,-2146.8693299260767
ID861,C,2824.279121570592,405.3352739788684,-2410.4000224952674
ID575,B,2630.783181801004,389.54241212588585,5260.885138062664
ID659,B,2516.9976355145595,410.91808107041254,5025.268174232404
ID720,A,2385.8765536981655,381.1507137211159,5254.583429927255
ID171,A,2514.4067984153658,394.7511836469834,5576.288328006512
ID462,C,2602.8993904107933,412.4761015784942,-2191.360504220417
ID600,B,2972.2649712018806,397.03963916259585,5945.771404649306
ID961,B,2485.656782955176,432.54633616252363,4974.795054904868
ID550,C,2252.462408370138,406.9932177419766,-1848.9780335483192
ID849,B,2445.9850205477424,410.43684705057314,4865.182276095697
ID337,B,2449.7965970202404,379.0835282031414,4882.532194687091
ID642,C,2600.367267952422,387.0581559507428,-2181.924120825959
ID213,C,2335.9593546896654,420.23604130121726,-1918.861236318801
ID311,C,2303.12204509116,409.8497355719822,-1901.237871568354
ID841,C,1803.9078448253783,387.82288732577183,-1401.6509164890954
ID829,B,2985.6235440752216,394.9813195943546,5969.290334930833
ID935,B,2257.043831901466,412.87543929410447,4497.859510742406
ID116,B,2668.0374392776775,386.1216621096301,5331.250104889388
ID330,B,2674.7593501375327,402.5811596938433,5371.819405763235
ID501,C,2136.8022116676966,398.07289674528533,-1726.2575825670815
ID232,C,2508.006680634768,411.7581082588158,-2105.6228093902037
ID517,C,2651.4206963506017,400.2477995239019,-2256.411946162689
ID282,C,2964.8260370269704,390.0652622291706,-2559.742505979624
ID468,C,2767.3555857637384,397.6614850288168,-2362.9395158607254
ID335,C,1884.4805868586718,357.77411150740284,-1526.1177219927229
ID261,B,2256.2778647489276,414.22650809202406,4520.102865647986
ID970,A,2368.769867138473,437.84662481281396,4916.811493275044
ID984,B,3158.0753630686168,395.62093816455973,6319.262850405559
ID719,A,2175.1750464391325,362.63710416159006,4706.144037653469
ID907,C,3166.645328391131,407.02041068388786,-2766.5820582286656
ID188,A,2634.6969439744166,394.84475639783716,5913.651719489447
ID902,C,2470.0461161200155,378.57689666068916,-2094.229069144779
ID595,C,2327.110843957661,414.541036860095,-1922.1681298433048
ID779,C,3020.431912663683,384.60384667685656,-2644.1466078410326
ID695,A,2394.0884014695707,416.4684430339331,5116.655698385794
ID594,C,2684.8920615053717,366.74708610998823,-2316.5060029502633
ID151,C,2442.522705096845,374.77106950673664,-2077.6832956380804
ID927,B,2204.6955233623976,394.3675486999957,4398.572192091135
ID827,C,1978.444380139998,388.538296480149,-1581.4811009074658
ID740,B,2555.287538211102,422.50456894976605,5125.140751551782
ID494,B,2384.076713142882,418.8542625045885,4753.246115598493
ID939,B,2136.6423890114925,425.2859020995289,4252.266860411752
ID557,A,1921.5779814106259,410.8398844153724,3719.3263058708408
ID950,C,2506.162428223468,414.11065770896164,-2088.593137954631
ID149,C,2093.3587517738083,408.9142479352129,-1697.2266656676038
ID382,B,2623.8135402334638,402.7933580180524,5236.6862525244405
ID319,C,2979.754048368247,390.1590049251548,-2586.126116657281
ID112,C,3075.0401718491535,405.69387531116894,-2669.5489431249925
ID374,C,3028.678902521563,395.20071735697593,-2615.547595858878
ID606,B,2418.1281602470262,387.75552222917247,4835.046976646583
ID372,A,2888.5565212294487,391.00265156175885,6725.0238688569225
ID931,C,2430.0484597359855,422.08039426311143,-1987.271222482128
ID346,B,2629.1213674969176,414.20262683364757,5281.096200196839
ID749,C,2282.217213224726,386.01882933071306,-1897.219239017808
ID360,A,2617.6737130587053,427.39738390684533,5726.043313865021
ID378,B,2999.90419101783,396.54826765684936,6015.329852963061
ID672,A,2763.229240842227,387.42100894516034,6360.575924011722
ID371,A,2144.5144851308687,385.4468886089262,4497.437370936842
ID347,A,2437.082947077356,410.72444353471934,5239.696938002951
ID685,B,2334.436474412901,388.33344391435463,4666.317065601412
ID993,C,2122.6265192078477,406.37370979172005,-1702.1102058791294
ID683,A,2115.433485905905,403.31747449265345,4318.351251335925
ID419,B,3066.6133571589417,431.6402648239702,6133.559593175436
ID451,A,2833.8032406824627,404.6947385717225,6469.774045741835
ID538,B,1972.2910152206425,383.4911367735586,3946.9176770851186
ID150,A,2206.6569742860856,428.9144189548676,4483.490596964338
ID138,C,2773.714338977521,413.6855107044485,-2376.3236900399884
ID352,A,2346.61862364314,386.2623566137019,5102.102294461027
ID994,C,2191.746976738943,386.3813735737053,-1815.5950915855751
ID684,C,2375.8212948429464,390.9210643364802,-2005.3553017702784
ID862,A,2176.795622108581,389.3470406958472,4608.137571543611
ID888,C,2318.852223920043,425.64465412811217,-1894.4215065201756
ID816,C,2566.921177754123,389.05907390998624,-2182.4088954261256
ID561,A,2785.9525910869743,417.1967938536488,6279.538753827078
ID571,B,2712.104276421328,391.2934498091935,5415.847927004139
ID717,C,2090.6736141452357,430.1604470402159,-1649.639339902013
ID855,B,2845.9260661093995,389.9409468543444,5686.726219047329
ID334,A,2451.243168035658,385.32066534814857,5412.67046983367
ID947,B,2311.0162894238397,399.2838810405217,4629.5916119936355
ID653,A,2686.0276532614303,378.87933096382653,6166.147142671149
ID260,B,2063.5456389774945,392.94395109818487,4110.252389098787
ID521,C,2804.545261083399,376.8922278147719,-2441.3416400922715
ID269,A,2319.3369082155104,425.31487060337685,4848.065314073498
ID769,A,2759.8720963857045,402.4322384167451,6276.024477908906
ID744,A,3000.552049712168,401.3325647067194,6998.034653783127
ID376,B,2243.7685607261074,392.61123270270264,4455.422577358821
ID662,C,2562.599508810145,406.87648624081055,-2134.407101070134
ID736,B,2461.690472440278,388.1950624205722,4916.870522720338
ID237,A,2584.179705301683,428.7976090772085,5613.301118502287
ID700,C,2716.4847314618683,389.4540076823668,-2338.3560935751584
ID819,C,2339.891201860741,385.91330812296246,-1942.5898973075994
ID406,C,2234.865233514295,379.07765167845025,-1851.3045598625515
ID715,A,2386.4842804758705,410.4868059208752,5116.476226804423
ID119,B,2151.3007093633346,395.0183333549212,4282.611910029832
ID842,A,2462.1589040100494,406.04632404910643,5355.717319377728
ID305,C,2077.6399344420147,391.6718897732926,-1697.6563955291833
ID570,B,3230.321402417623,418.76254339264455,6452.141455556688
ID417,A,1910.8306032279734,388.97197365477894,3790.4117008724506
ID960,B,2229.717149114336,401.50252717803477,4438.764234381433
ID527,C,2798.07683920392,397.51964121845975,-2425.5105504684484
ID449,B,2830.257857996313,414.8479076274008,5643.731893822603
ID543,A,2636.8429632344246,399.59129898604687,5912.757290047913
ID464,C,2193.289156160342,415.1829496934925,-1768.1756370649503
ID998,C,3174.1677535337544,382.93981657923086,-2779.813941057825
ID629,C,2622.365532188981,370.1654516286162,-2252.5491413195477
ID643,B,2890.349346809511,405.7544898922059,5764.867142207852
ID441,A,2641.26569833548,386.0443752314371,5964.363357972361
ID586,C,1838.7573839113513,404.2531023158559,-1415.603828923461
ID529,B,2132.010557006862,396.56897662852634,4259.391119987053
ID479,A,2790.184805161718,382.0278982786409,6488.907406470893
ID252,A,2532.3317414918,384.59098401391117,5694.736019553129
ID631,C,2121.84783840289,377.12419097681965,-1750.7484807841427
ID979,A,2338.9339273029955,370.6744298889891,5172.856267982478
ID329,A,2789.007844094847,404.4905109349001,6348.386847361087
ID578,A,2256.8672359251646,401.73861036514865,4746.976251109134
ID858,B,2498.387250749145,380.8844769678478,5015.286121912206
ID881,B,2552.783832544254,384.2658070682762,5107.155421089308
ID294,A,3054.289442428925,390.8557629385814,7210.457585276612
ID898,C,1951.1345947462903,414.3514552842884,-1531.8179739815023
ID781,A,2387.129419207376,409.4409637174001,5129.652977164838
ID925,A,3031.819407417825,409.9161944183184,7049.029190285394
ID722,A,2435.3579408830283,412.79562742292654,5242.195888623788
ID753,B,2406.8326878648063,398.0015930239794,4797.411506397567
ID193,A,2608.1698844608604,396.87366213951015,5838.266446819046
ID650,B,2737.115128250454,404.69426185616567,5486.556569264257
ID403,C,2409.7232992687377,384.929722034769,-2025.795382028999
ID732,C,2348.8131852040906,378.56890165666834,-2005.1567637788605
ID212,B,2571.918016926635,387.9881710837932,5152.582637381004
ID848,B,2556.683449484932,395.28616070910255,5109.533274648643
ID771,B,2163.1543976444586,408.67470638697847,4321.26332454072
ID333,B,2616.331273922259,414.3027957524668,5219.260627893817
ID203,C,2567.506814623683,378.8170843495482,-2185.047556363354
ID975,B,2090.6072957462666,417.12850368502365,4181.161817434881
ID852,A,2829.4849834798297,375.8859862597651,6603.828164752909
ID835,B,2122.1931679157065,414.53943939715344,4260.968797803621
ID495,C,1618.9419365624735,388.0756441533956,-1235.6059530442835
ID102,A,2697.1619286224973,412.469937003688,6019.487451559672
ID879,C,2869.6521211056097,387.4831216330017,-2495.1370014192253
ID648,B,2620.834391539958,413.1464512142718,5241.220391849684
ID271,A,2376.8686028586335,379.2654885952401,5234.251972416394
ID901,A,3148.365049154617,379.73421758767256,7558.6973088515515
ID355,B,1906.0419537223643,403.87574628310176,3801.0523839238263
ID598,C,2324.4545829101094,400.95324669748527,-1914.2177818421876
ID472,C,2294.267009403375,398.6946417750335,-1885.4776857615072
ID871,A,2435.48645856955,408.99010853177873,5253.001436862543
ID128,A,2298.0702590527417,381.6874418036508,4973.906140750757
ID118,B,2529.0093967783423,400.21042929333714,5069.461711172101
ID113,A,2240.3914588875223,399.6565246443862,4745.5727993630435
ID930,B,2837.3802951127623,387.6323038309092,5671.282042107646
ID455,B,2928.1444247660393,395.0455349130923,5847.4243151013015
ID124,A,2476.0649273721847,385.10878902045715,5495.785602609263
ID795,A,2680.456524977289,381.7413798195789,6119.21124259022
ID851,B,2325.02135930367,403.26189046057556,4658.037954415971
ID664,A,2992.78690000133,406.6139946856408,6937.587756212698
ID576,B,3046.009011901722,405.0290828131415,6102.564801219668
ID542,A,2270.66570862433,371.46553020872943,4960.163253027372
ID774,C,2328.8771530101767,373.13321112027063,-1956.2348723885525
ID473,B,2618.817281021491,403.47161748926743,5217.608867007508
ID140,A,2822.207560519682,386.5163177270456,6540.678946745288
ID184,B,2786.9849764567102,376.35768561889023,5557.915962130032
ID174,B,2338.1104020729776,392.38945419595575,4666.204549188299
ID713,A,2897.889265350872,413.60580923030744,6638.167986688317
ID109,B,2546.187223285674,412.4747258399114,5100.051289654768
ID383,A,1872.219706033086,402.40932021988965,3604.200544845724
ID503,B,2553.461192637239,420.3925040796455,5109.157587629088
ID590,B,2535.915722354091,411.8718244126918,5060.193611438832
ID563,A,2725.3614775871315,428.42024372341507,6049.189622691947
ID843,A,2646.9111095163353,392.4815317489288,5972.684056581458
ID424,C,2001.2444366098084,429.5963835108058,-1564.973050555304
ID977,A,3143.2369849564434,417.50626404954204,7349.746904262482
ID448,B,2282.4282335996068,420.85134844747466,4562.31811767618
ID682,C,2819.0224801233794,401.41876060280265,-2427.5200469191254
ID220,B,2871.2206229180265,382.2973141160394,5733.481972926824
ID697,C,2552.9686369581177,406.24970987365305,-2151.9190165535415
ID429,A,2334.304352578922,425.55486733597945,4869.291553204921
ID587,A,2871.7449434589353,399.82225656479346,6605.582580031906
ID531,C,2429.02743000585,407.1883255432595,-2016.4683497743633
ID788,B,2841.057011244264,418.1195791767196,5675.955064369311
ID399,B,2431.261725114139,400.3452552405902,4861.122722980599
ID442,B,2075.8015607733814,377.31904417481786,4169.9959193403665
ID820,A,2498.117923116854,402.4395698778361,5484.364343261848
ID876,C,2331.8196849500378,375.75510661635445,-1937.794880120334
ID760,B,2361.944557117343,416.0206088690934,4737.067278830621
ID681,C,1914.256911869351,405.1538838846549,-1495.7005370678573
ID280,A,3003.2636739541467,414.2809512773092,6919.287006154537
ID969,B,1922.831378747392,387.40506285855287,3861.1971567564333
ID787,C,2538.602687534579,386.6073870341265,-2135.0679292351215
ID431,A,2251.876133006938,412.1328982678426,4682.519040484704
ID887,C,2746.293002333512,425.44464247190416,-2311.1140325674123
ID709,C,2614.8250367954697,419.8723788072519,-2186.839312314298
ID430,B,2550.647106456846,402.61528995709983,5118.667088656867
ID701,A,2433.4306307735565,415.81091223322244,5191.474829866027
ID317,C,2092.047286935143,419.94616598495,-1664.634643088235
ID485,A,2693.9778634442528,378.6487762858504,6197.885072430825
ID202,A,2439.354725241773,410.61317887737414,5271.542840672966
ID764,B,2806.943104271174,379.8628588833115,5606.701672335603
ID456,C,2563.853655139611,396.7164953538758,-2183.4129968301245
ID395,C,2388.189494357615,410.54608715459204,-1978.033310902646
ID596,C,2754.8140445707318,390.0063611997507,-2353.7276789953057
ID675,C,2402.6074219859693,395.6565686787872,-2011.303754784398
ID277,B,2458.2984178648785,413.4254946197128,4911.339441259765
ID921,C,2717.395179610048,379.3677671562724,-2348.897581714007
ID391,C,2651.1006371091125,387.97382598474854,-2286.2721543116854
ID476,B,2827.265240915617,395.66223005485546,5653.624272073727
ID558,C,2453.9811782125207,426.5479961027113,-2024.3539438408066
ID166,B,2905.1035328981243,413.0915081507775,5813.084211217098
ID257,A,2378.295760313335,379.5739258542323,5253.724389915075
ID627,C,2458.2751884311074,417.0943193188373,-2043.8926754030372
ID484,A,2356.1050370703356,395.9696883131625,5100.375761264761
ID962,A,2260.323173905351,397.22053581241806,4782.830822265448
ID706,C,2502.0899031329195,415.6539581740727,-2075.287433453364
ID775,B,2448.141238726731,387.9335327917834,4894.319587099417
ID663,A,2368.755775580726,399.69680508366,5109.7399674476865
ID766,C,2084.7356159884994,388.0708773589832,-1678.044290824265
ID617,B,2412.6877433676236,412.8636201992646,4816.830435044084
ID210,C,2571.993280633523,423.7374179119048,-2159.65743829482
ID865,A,2984.772767091304,401.53260902648105,6936.611376297386
ID567,C,2414.4951470344404,398.3842991559871,-2030.3500775268978
ID660,C,2101.2756954924375,413.24805713852413,-1687.5593459377294
ID410,C,2603.3686999121774,411.8637091685328,-2213.2654840667246
ID291,A,3130.800917580876,378.49847648483126,7496.025607813526
ID279,C,2533.8307405174633,398.48818069353064,-2136.883105557332
ID909,C,2419.2856373603345,392.08013045468215,-2053.7349903879094
ID968,B,2736.050364633731,373.60173687372435,5483.456652741755
ID121,B,2623.1788500988114,402.15285545079104,5248.000901295854
ID728,A,2464.5813696052282,374.49698345875225,5523.342439999484
ID148,C,2585.2113354605376,411.63838887364153,-2161.9113873928377
ID591,B,2468.6182986983595,408.56028107790775,4926.585421221951
ID560,B,2364.1794354688695,422.6550737794106,4731.207977065501
ID185,B,2619.3462074814424,404.9985662886557,5234.523369169859
ID604,B,3097.982823648242,409.6616134068646,6193.294805124262
ID733,C,2277.6967307762875,385.2662090830954,-1909.406950659223
ID634,C,2069.0003646749606,395.33041769525363,-1667.7951113511688
ID313,C,2639.9762957436124,392.3859554166903,-2258.4941800107613
ID746,A,3124.8028518212545,400.1825356769375,7377.057726496154
ID609,B,2815.053403057491,402.396452292996,5629.50697694113
ID239,A,2920.7381663040696,387.8507287592974,6807.203354715392
ID826,B,2118.3042645784894,417.2749545507697,4243.161069045844
ID465,C,2954.0695557399013,417.1365159771236,-2528.4746056890863
ID467,A,1878.2798534798767,412.54707296550447,3590.4359671172892
ID818,C,2608.9400691229766,399.6448829324455,-2210.3026772416174
ID389,B,2129.302116138092,375.21625036732485,4259.405392234883
ID953,B,2433.395276899424,375.8098497664138,4875.2170206623205
ID632,B,2869.8162772196274,417.9703080867216,5734.13500901458
ID899,A,2917.9885417935748,404.7750727831822,6716.722230396724
ID477,C,2396.099159045981,403.9327696614522,-1982.2121075317257
ID884,B,2634.611357259065,415.09965769230325,5291.662764766368
ID247,C,2582.2522493448846,410.1122241451349,-2161.4063755338266
ID972,C,2454.9688469762928,401.4076314607592,-2050.0542163358045
ID669,B,2288.4963631396454,403.836025985184,4572.136881852823
ID450,C,2961.253955756855,402.86389145251843,-2561.740670615677
ID164,A,2425.9811139556336,417.1739845369796,5195.017496275948
ID786,C,2778.4929996005885,395.576968059916,-2393.4900834247596
ID990,C,2200.0779795323515,396.9952561287747,-1813.6430192939317
ID581,B,2455.653812342977,415.26825933742856,4910.6600038594
ID917,A,2768.537922490519,379.34420736272875,6393.348145429827
ID434,B,2144.675769793576,396.8000826782836,4274.503928593947
ID924,A,2833.5640854936705,402.87501326055224,6477.3477631102805
ID857,A,2699.9432658239566,370.87428711360764,6246.570705992312
ID831,B,2277.0055595714525,391.8334734856806,4551.450431836435
ID340,A,2628.415553014287,432.9182635904189,5743.778594890919
ID375,A,2115.559156019616,397.2574123551144,4356.834530705411
ID300,C,2688.9896289737835,413.90666028523543,-2255.2050832444156
ID545,C,2426.581996591578,408.70514619287195,-2016.8965754890116
ID654,B,2596.811647116856,405.35826882034587,5187.868005341929
ID535,B,2806.6393594269534,412.40830175964754,5608.137405530182
ID162,C,2626.189180279015,400.1014965124051,-2220.909282334469
ID146,B,2269.463369304966,406.43069193683,4541.305734855898
ID200,A,2273.0270305858985,409.8749769379466,4765.377712008847
ID737,B,2488.0664608050893,407.36754356035743,4971.932845756041
ID302,C,2550.2514716172977,419.3782751237855,-2128.550254627634
ID546,B,2951.9773456214434,404.0019479822226,5919.449226750452
ID214,A,2577.707972892964,410.394074220803,5708.462960531349
ID131,C,2461.005659483389,399.4250298176906,-2047.8253266682843
ID933,A,2401.135451915418,423.1357236137344,5089.606781641535
ID904,B,2701.843725212237,402.64458742426234,5409.245242179521
ID918,C,2411.5009989528508,389.4106036447359,-2029.2139645054233
ID980,C,2658.31635574285,398.5976402764074,-2247.3402070424413
ID111,A,2227.9053274258795,430.86203645240005,4523.367833898512
ID983,A,2555.4867369648,382.2880292400933,5768.9925489355255
ID913,A,2190.89982930648,391.2048107748583,4624.290159344089
ID579,C,2622.738636075821,413.65641324303294,-2220.3125770963306
ID956,C,2744.609681875659,391.3918331086706,-2357.073741642774
ID392,B,2700.707825710509,394.1914558819475,5384.922492378267
ID903,A,2680.1609353542335,387.1375270732552,6097.567253048263
ID583,C,2615.7643545759315,386.86393914331063,-2232.0162463418305
ID608,A,2474.0086606584573,398.8701763849778,5432.378241686052
ID127,B,2065.6314348151564,404.8772129308147,4107.454477933391
ID540,B,2620.522403059189,425.4936346588802,5236.862075996404
ID973,C,2566.8777633823015,399.58594198187706,-2178.34800436395
ID680,C,2459.9107650166816,407.5450714834764,-2073.714727765269
ID370,B,2619.4948993578687,426.67650875368855,5254.655136008939
ID666,A,2832.700644833172,368.7859970565555,6652.300708037348
ID259,A,2348.8901951201096,391.52642406302687,5102.721324505605
ID354,C,2367.96967936814,389.20960357961326,-1993.4562031800408
ID357,B,2650.4056446744917,421.1312438281219,5296.805704649265
ID199,C,2420.2424322664197,416.278087568557,-1997.8339693538783
ID800,C,2401.7205672636555,394.2549346246587,-2014.4236051837788
ID423,B,2155.6973189647306,402.57041040829233,4320.021960121541
ID678,B,2285.662916888623,408.34410846181834,4568.7511736100405
ID284,A,2289.3881098788343,391.59545624301455,4930.235521610708
ID687,B,2499.9772710732723,383.098597025115,4994.6385036669535
ID996,A,2748.9146879613963,396.5437404037486,6292.851440670529
ID475,A,2716.563035475869,407.803962722188,6129.665333564026
ID667,B,2622.371382532917,393.847746319765,5252.744635441471
ID638,B,2696.7983524024453,396.2977414376211,5413.142639718384
ID470,B,2165.0918394376495,416.1706696758725,4323.771403709246
ID919,A,2966.32692158267,402.0615136338274,6908.918714736473
ID577,C,3175.4412171117438,425.3298704710453,-2757.576658752116
ID699,B,2184.337770953957,411.5954348968785,4375.865698864942
ID946,B,2709.9382291172187,420.8211296717371,5420.131248320619
ID405,A,2069.1361858999812,406.2118421384555,4164.335192937233
ID386,A,2803.8657938706274,385.9841754876603,6485.931270203733
ID292,A,2598.724755927324,379.6514633050378,5905.242008121118
ID295,B,2846.7956135775858,387.63199590493826,5677.463775502141
ID839,C,2500.374259749055,401.8553102283312,-2100.9620963419816
ID268,B,2818.631866110401,381.37831424870143,5623.516727701822
ID446,B,2008.0204318199974,405.18826462330895,4011.815420428311
ID797,B,2636.0784566754132,404.66609170532524,5279.056185000437
ID209,C,2373.8584946178576,433.8577660397966,-1931.8309901464654
ID160,C,1950.0457517381278,377.93128110372515,-1595.3222235935484
ID607,B,2703.9898762461953,388.54174313752645,5413.832824529798
ID942,A,2475.310914750861,386.36683616513056,5488.90033065631
ID574,A,2970.2997591358976,402.86349079577246,6892.149353958722
ID299,B,2784.929599526915,394.91973794501075,5556.180788857478
ID504,C,2321.375352579893,423.8251554622444,-1915.6780753732992
ID135,C,2658.3133342905026,393.42135802940095,-2269.54677620254
ID878,A,1908.161286628901,389.1147348642207,3769.3329565022736
ID258,B,2490.149044318531,412.466809364345,4995.388465508455
ID219,A,2884.0072048110756,410.8428465306293,6614.64971577382
ID486,B,2503.7001478631346,388.16506987915767,4998.693994925086
ID997,B,2416.945794875863,425.5989961882318,4825.537176100667
ID573,B,1908.4804423255189,408.2940826778574,3816.7842674738486
ID549,C,1960.7006354302143,410.59608870668194,-1558.6634568941734
ID153,C,2690.2990649866288,383.51173182069044,-2316.9442574993373
ID534,A,2063.827102634385,398.9470455249552,4194.153098407173
ID967,B,3053.686696801595,388.11615089674507,6103.321519733278
ID615,B,2590.758809281245,419.9750356168593,5165.8115949371495
ID344,C,3133.849213533382,387.7177988244316,-2745.0798836967933
ID603,B,2253.287077037428,398.87011155920607,4499.248187754138
ID297,C,2785.5236060691113,408.56782135232964,-2376.642299496072
ID825,C,2188.623609140478,417.85411737389035,-1755.1889963410847
ID466,B,2963.2807857093394,427.00428040334066,5914.941394814791
ID256,C,1945.1594294985275,366.8887075656606,-1574.225205136931
ID537,C,2446.6812179642434,360.2218094743244,-2095.3897764729254
ID420,A,2464.1387855070066,395.97648827750686,5401.317352292936
ID926,C,2696.1059880423004,381.3262085191627,-2325.607651397546
ID303,C,2882.3904655992005,391.0310033781278,-2467.996876077355
ID981,C,2095.935754290476,392.0924122213857,-1716.4794121987607
ID569,A,2411.646721844835,394.9117911124989,5260.679703648623
ID630,B,2426.9702104179514,403.301034404018,4847.003305757831
ID432,C,1579.2199574269061,400.6012230579895,-1176.2991505693644
ID602,C,3077.832234095329,398.9618914227017,-2662.096474989282
ID803,B,2325.654308956667,397.4268545669683,4691.708131269858
ID217,C,3056.4597158762203,373.6962211134419,-2711.2300600523017
ID195,C,2636.6684559209416,407.59367833388563,-2218.8626630890826
ID999,C,2408.9005290648993,386.23136717886524,-2006.6750082384906
ID322,B,2922.4571345508425,392.26552870324065,5851.075236927639
ID396,B,2865.166981082831,399.0093875463623,5743.392635166357
ID283,B,2014.0138041991734,418.9729377601755,4044.1805156487862
ID427,A,2327.1185482804385,390.9305502874045,5033.032728569123
ID989,B,2627.980148802788,386.2848294508603,5244.809675846743
ID895,B,2878.7784536966547,402.2670810268981,5744.766484815966
ID516,C,2179.113689900226,418.8502871525867,-1747.5671939091824
ID647,B,2583.2398110320605,404.83074149478153,5146.412222396816
ID832,C,3006.064623965243,410.1207264888363,-2606.359011619141
ID742,C,2295.3811268888962,382.7992583885509,-1919.9971958552474
ID341,A,2460.9345408520485,385.9425432246912,5460.338483302835
ID296,B,1918.3942127578875,389.829582453413,3828.8688607343747
ID452,C,2316.9765787599626,418.29360570935876,-1908.6824154687606
ID281,B,2441.18735642225,396.0669659319,4882.099387506078
ID175,C,1874.2762207076444,419.88457866759234,-1459.3182839626327
ID263,A,2627.303611954494,403.0848461558578,5874.968259693847
ID206,C,3102.895873222417,398.9502669405176,-2695.901462276755
ID422,B,2917.444066160393,392.3086094332085,5827.322553568309
ID286,B,2167.2636397732826,406.3025845154163,4332.124048684804
ID481,A,2703.9450621947226,378.87439361843633,6210.927210609727
ID639,C,2668.7230432340066,421.6435750260922,-2248.127184048743
ID824,C,2254.4071299367124,405.4094036220777,-1835.8515442788791
ID866,C,2802.685013162252,401.8939307388446,-2404.0751028218565
ID235,B,2608.976145099141,369.0233538859582,5232.095294820768
ID530,C,2397.4436465025988,429.5364652526131,-1993.53974433323
ID776,B,2639.2731862575174,411.9490531600889,5292.937543762041
ID770,C,2238.9216327089252,411.06035867890984,-1822.5383321879556
ID756,B,2696.7681835146564,392.18077507225905,5370.2595100976405
ID566,C,1910.711339754767,407.5767766532192,-1505.3729942855448
ID554,B,2461.3030052560352,377.7269846113449,4892.252144194149
ID230,A,2290.5034166562655,405.4942320489719,4866.372885179951
ID552,B,2122.9575895263692,395.4568818385405,4266.6118497053085
ID584,A,2454.78647086928,414.04873151792316,5299.523256371449
ID679,A,2564.6577213300484,409.7671568870341,5629.605828379929
ID154,C,1912.6211360004622,388.45812737964087,-1523.9486180364274
ID508,B,2096.789403445136,398.8783553689002,4171.1133519172245
ID380,A,2611.8145772175967,420.07962753223006,5743.441919608987
ID524,A,2930.3473425088005,416.89834329162557,6713.669356663717
ID304,C,2321.4403805163342,418.0039192615961,-1893.136622666263
ID616,B,2405.8889484459705,407.9981831802252,4787.185267407608
ID966,C,2514.593748946674,392.96474108867494,-2135.3818534896873
ID426,B,2540.9642584075123,404.9972188923704,5081.459617330342
ID727,B,2368.056361106963,401.99642365907926,4730.783118441829
ID104,A,2454.353868180427,421.0457129483224,5251.873853810357
ID459,B,2620.9600735511904,387.1644901617192,5246.8027850629205
ID867,B,1830.2692793477277,417.7194805193462,3658.3488659832037
ID443,C,2326.9114107088835,391.40243460604216,-1946.8965074803748
ID657,A,2736.810185034936,419.3683287269149,6132.230973720824
ID234,A,2080.1742017622587,371.6801488142515,4362.1396708769435
ID601,A,2608.2113526283315,436.26365225650227,5622.565785440234
ID233,C,2852.680813572047,403.00966840434864,-2428.8968474900685
ID189,A,2704.415962833571,382.75372029303196,6200.30079308292
ID807,C,2462.072112027231,383.15814940589223,-2066.177684800776
ID316,A,2545.3556693930536,407.8476542484463,5599.205657590453
ID358,C,2233.5919582101697,391.3266909781178,-1844.6213979503314
ID711,A,2313.0959703881917,390.29193715367535,4969.50587359844
ID762,C,2568.460790267134,432.36549281599537,-2123.978510946362
ID741,B,2777.7905086072747,393.9107339891371,5568.326376667876
ID877,B,1851.341955273626,396.72334683839654,3709.239210277067
ID796,B,2389.8323237887807,397.57293324225645,4768.849885950571
ID718,C,2386.79453995524,381.6771226567454,-1987.5888919162992
ID782,A,2599.3790917182714,416.74961254370055,5723.223253425771
ID107,A,2795.781343755143,404.7672833937556,6360.708423103179
ID853,C,2833.1063370035386,397.1589148829491,-2429.2212418997115
ID915,A,2013.9410611793173,430.6757348872087,3886.6891354503045
ID106,A,2970.3576007736315,389.04733210909524,6964.500975188938
ID808,B,2622.442635823939,420.5648140058029,5234.789683264133
ID752,A,2608.205968531104,408.66602422537113,5793.921683259621
ID658,B,2314.929014407242,387.055821564019,4615.65180678513
ID780,B,1990.465202652711,417.28781110635936,3973.617491487431
ID868,A,2728.524407339564,384.928685978976,6256.488473098381
ID916,C,2294.4959592765435,386.7329449770756,-1911.421324930594
ID273,C,2187.1884279938704,408.5108098863425,-1777.7044450358183
ID747,B,2691.2985767889254,396.460486142107,5383.542937441496
ID974,C,2319.2694145738797,388.90195382614525,-1917.5987051250302
ID593,A,2452.0681921532328,393.81184898894276,5385.724827456251
ID190,A,2374.211920379351,376.96830024665866,5236.2349245737005
ID886,A,2843.8212457965396,369.4793125688405,6674.743133525642
ID734,C,1884.6331574416888,408.69247678330083,-1481.348625682448
ID463,C,2537.661368314848,366.0735845586838,-2176.2751231085426
ID794,A,2561.3276951350826,386.63163585991686,5742.058987866192
ID599,B,2233.515917702594,370.6969671564502,4460.961277248092
ID971,C,2491.9044465928814,408.91680769292276,-2073.0775467452436
ID882,C,2633.0772855492614,428.8372644507573,-2193.1087185115484
ID789,B,2802.409054362204,394.6349801599502,5594.529557023489
ID911,B,2705.6749074413287,403.9940932418436,5440.936622374214
ID404,C,2598.2062908163293,408.4128229815205,-2177.6259584245113
ID690,A,2628.1277218444334,386.3450096992388,5948.240174668968
ID649,A,1467.3934761864734,434.08633495411607,2207.8032871006903
ID488,A,2410.742267533219,376.6953830926029,5349.097248990799
ID645,B,2367.4885840081906,392.4619024524648,4735.68680968084
ID522,A,2238.805817625658,408.50813023194274,4676.185371733116
ID693,C,2469.7469490002636,392.8681414926511,-2077.863123075141
ID168,A,2806.727107557956,407.19544705626464,6389.075648918259
ID353,B,2118.5321781744947,380.19165922942284,4261.23226597646
ID511,C,2550.2526213353117,392.7347151630283,-2134.4299518680214
ID500,C,2540.2058410546806,426.5872926221989,-2113.7075695751973
ID912,C,2702.4170163267895,374.83626547126215,-2331.685965536408
ID439,A,2664.6703112240943,406.1827896115859,5954.167290336708
ID110,B,2734.638976219164,423.62883830505115,5483.470246020327
ID228,C,2256.1060790273555,412.69631686998696,-1846.0541580383697
ID161,A,2097.9412424617785,420.53877066041923,4193.887918387674
ID165,C,2968.2943699035313,408.76565622498737,-2566.423723586506
ID815,A,2019.496252729412,411.78228140154374,3994.8149780846943
ID547,C,2120.257954298441,430.8413701753522,-1693.4249588480102
ID155,A,2058.19865971415,386.70162191914943,4239.391145300142
ID167,C,2678.4447007581616,391.46112662160823,-2290.5589346078996
ID223,A,2719.4159023088614,407.2977656729166,6110.377029645841
ID275,A,2526.256078571987,411.59372799324035,5522.6300845030555
ID499,B,2482.773651895913,389.2978888999292,4952.39020643005
ID238,C,1990.7235849684864,376.71448660305714,-1599.3159812717317
ID197,B,2593.620679195843,396.6743087992717,5184.300766691351
ID339,B,1973.6836363455095,417.40510055109814,3936.8702228093025
ID315,B,2894.100284505255,401.2970372951505,5781.316363253661
ID724,C,2392.9202022671893,392.8924736426284,-1986.7973654159007
ID244,B,2743.2652243599923,407.74703090046927,5500.679374658827
ID152,A,2531.605960178623,382.1773760810372,5662.515359066818
ID920,C,2652.006645599757,412.721880051658,-2247.6747442096007
ID623,B,2143.7411893262465,413.63529494750196,4263.782911444725
ID640,A,2517.373274585699,396.03345027894454,5578.801459762614
ID948,C,2595.263276722937,385.3732956934669,-2214.2317993677416
ID735,C,1967.8286299678866,409.3134838206978,-1560.3415057751713
ID952,C,2941.1905860174115,405.87988497064913,-2528.7542719733156
ID995,A,2528.414576724748,402.6046250696446,5584.705187943986
ID698,A,2441.2861026150636,397.4436799167963,5317.415613533544
ID298,B,2567.9582198530024,389.01435912855675,5128.574979299233
ID833,B,2509.0193516249024,403.4345633599872,5010.614723295215
ID893,C,2138.642941745654,386.0647007641423,-1764.2212071402562
ID767,A,2650.743521823136,388.44715540837853,6020.046613567389
ID366,A,2474.6364266232968,411.9032254182543,5356.735756474637
ID147,A,2456.324382713652,394.8472696291493,5391.440306385838
ID368,B,2384.8796712455137,396.8757637718723,4784.282556983466
ID923,C,2677.153915337349,387.9455750034236,-2293.7249435151207
ID768,B,3299.2940127318225,388.6758564338652,6608.8869782543325
ID809,C,2168.0992858026752,382.47850269015834,-1773.8789236510336
ID526,A,2316.7339180001086,376.0885941735331,5083.874948166214
ID323,C,2397.3399511837656,416.7406896695178,-1982.851026173329
ID320,A,2559.3585426608042,385.88252777938277,5766.7768326511095
ID628,B,2840.3507742909933,366.13219453979315,5668.275626850513
ID381,C,2175.0929941937143,390.6712157728499,-1782.0126838701542
ID120,A,2578.771858015669,414.35246375919786,5628.920322614222
ID480,B,2642.6394778028334,419.02753042549944,5287.049410171567
ID772,A,2216.9274242911833,384.8968369724913,4717.39033803937
ID157,A,2867.764332394481,405.8584324696556,6579.668648270562
ID532,C,2243.1028367642393,416.5185933977433,-1821.0294144258
ID377,C,2722.4001312078353,417.01109330915295,-2299.675966095542
ID906,A,2603.14543840912,416.0954765256946,5734.29738210686
ID846,C,2229.3325966765115,383.89807942084263,-1854.9401355721313
ID204,A,2514.145368803082,389.1196742313244,5602.739127237732
ID929,C,2021.1114906959087,372.9853731427455,-1654.198146726718
ID362,C,2867.4650715314847,402.39449992900734,-2470.260189217283
ID565,B,2354.747330338375,383.12004915284615,4721.806632164202
ID130,A,2595.0803916700966,407.39137920511894,5731.8070628657015
ID555,A,2485.5867655620523,389.67754562775957,5522.447633234587
ID170,B,2363.2094756022107,415.36124201212056,4738.329333389125
ID253,C,2332.2970259023728,423.5261033635933,-1918.327544825737
ID553,A,2576.301497431394,401.1206371904294,5727.493504934117
ID954,C,2582.107170792193,381.9512635665637,-2173.0454379334124
ID182,C,2463.8224649192957,412.78704180801685,-2026.2701198378502
ID941,C,2608.3705057476886,408.9171154964738,-2197.064618619198
